Rank,Player,Team,Position,Points,Games,Avg,Positivity
1,Josh Allen,BUF,QB,417.7,17,24.6,0.0
2,Justin Herbert,LAC,QB,395.6,17,23.3, 
3,Tom Brady,TB,QB,386.7,17,22.8,0.0
4,Patrick Mahomes II,KC,QB,374.2,17,22.0, 
5,Matthew Stafford,LAR,QB,346.8,17,20.4, 
6,Aaron Rodgers,GB,QB,336.3,16,21.0,0.0
7,Jonathan Taylor,IND,RB,333.1,17,19.6,0.0
8,Dak Prescott,DAL,QB,330.4,16,20.7, 
9,Joe Burrow,CIN,QB,328.1,16,20.5, 
10,Jalen Hurts,PHI,QB,321.2,15,21.4, 
11,Kyler Murray,ARI,QB,310.5,14,22.2, 
12,Kirk Cousins,MIN,QB,307.3,16,19.2,-0.4927
13,Cooper Kupp,LAR,WR,294.5,17,17.3, 
14,Ryan Tannehill,TEN,QB,282.3,17,16.6, 
15,Austin Ekeler,LAC,RB,273.8,16,17.1,0.7953
16,Derek Carr,LV,QB,270.6,17,15.9,0.2294
17,Carson Wentz,IND,QB,264.9,17,15.6, 
18,Deebo Samuel,SF,WR,262.0,16,16.4, 
19,Lamar Jackson,BAL,QB,253.0,12,21.1,0.044330434782608695
20,Russell Wilson,SEA,QB,248.7,14,17.8,0.31253333333333333
21,Joe Mixon,CIN,RB,245.9,16,15.4, 
22,Jimmy Garoppolo,SF,QB,239.5,15,16.0, 
23,Mac Jones,NE,QB,238.0,17,14.0, 
24,Taylor Heinicke,WAS,QB,236.7,16,14.8, 
25,Matt Ryan,ATL,QB,234.8,17,13.8, 
26,Ben Roethlisberger,PIT,QB,228.0,16,14.3, 
27,Najee Harris,PIT,RB,226.7,17,13.3,-0.082775
28,Ja'Marr Chase,CIN,WR,223.6,17,13.2, 
29,Justin Jefferson,MIN,WR,222.4,17,13.1, 
30,Davante Adams,GB,WR,221.3,16,13.8,-0.3379
31,James Conner,ARI,RB,220.7,15,14.7, 
32,Trevor Lawrence,JAC,QB,216.0,17,12.7, 
33,Teddy Bridgewater,DEN,QB,209.8,14,15.0, 
34,Ezekiel Elliott,DAL,RB,205.1,17,12.1, 
35,Jared Goff,DET,QB,202.4,14,14.5, 
36,Nick Chubb,CLE,RB,195.3,14,14.0, 
37,Mark Andrews,BAL,TE,194.1,17,11.4, 
38,Baker Mayfield,CLE,QB,193.8,14,13.8,-0.1542
39,Damien Harris,NE,RB,192.1,15,12.8,-0.6625
40,Tua Tagovailoa,MIA,QB,190.9,13,14.7, 
41,Mike Evans,TB,WR,188.5,16,11.8, 
42,Alvin Kamara,NO,RB,187.7,13,14.4, 
43,Antonio Gibson,WAS,RB,187.1,16,11.7,0.17382727272727272
44,Leonard Fournette,TB,RB,186.6,14,13.3,0.18788
45,Tyreek Hill,KC,WR,185.5,17,10.9,0.100475
46,Dallas Cowboys,DAL,DST,185.0,17,10.9, 
47,Cordarrelle Patterson,ATL,RB,182.6,16,11.4,0.0
48,Stefon Diggs,BUF,WR,182.5,17,10.7,0.06803333333333335
49,Aaron Jones,GB,RB,177.0,15,11.8, 
50,Derrick Henry,TEN,RB,175.3,8,21.9, 
51,Daniel Carlson,LV,K,174.0,17,10.2, 
52,Daniel Jones,NYG,QB,173.6,11,15.8, 
53,Dalvin Cook,MIN,RB,172.3,13,13.3,0.0
54,Josh Jacobs,LV,RB,172.0,15,11.5,0.08808
55,Nick Folk,NE,K,171.0,17,10.1, 
56,Travis Kelce,KC,TE,170.8,16,10.7,0.12040000000000001
57,Mike Williams,LAC,WR,170.6,16,10.7,0.09866666666666667
58,Sam Darnold,CAR,QB,170.5,12,14.2, 
59,DK Metcalf,SEA,WR,169.3,17,10.0,0.03423333333333333
60,Tyler Lockett,SEA,WR,168.4,16,10.5,0.1925241379310345
61,Diontae Johnson,PIT,WR,167.4,16,10.5,0.1940833333333333
62,Melvin Gordon III,DEN,RB,167.2,16,10.5,0.009082352941176475
63,Davis Mills,HOU,QB,167.0,13,12.9, 
64,Zach Wilson,NYJ,QB,162.9,13,12.5, 
65,Chris Boswell,PIT,K,162.0,17,9.5, 
65,Justin Tucker,BAL,K,162.0,17,9.5, 
67,Javonte Williams,DEN,RB,161.9,17,9.5, 
68,New England Patriots,NE,DST,161.0,17,9.5, 
69,Matt Gay,LAR,K,159.0,17,9.4, 
70,Devin Singletary,BUF,RB,157.8,17,9.3, 
71,Hunter Renfrow,LV,WR,156.1,17,9.2, 
72,Greg Joseph,MIN,K,156.0,17,9.2, 
73,Miami Dolphins,MIA,DST,155.0,17,9.1, 
74,David Montgomery,CHI,RB,154.0,14,11.0, 
74,Evan McPherson,CIN,K,154.0,16,9.6, 
74,Matt Prater,ARI,K,154.0,17,9.1,0.5719
77,CeeDee Lamb,DAL,WR,153.8,16,9.6, 
78,Keenan Allen,LAC,WR,151.8,16,9.5,0.3074
79,AJ Dillon,GB,RB,151.6,17,8.9,-0.033795454545454545
80,Michael Pittman Jr.,IND,WR,150.6,17,8.9, 
81,Jake Elliott,PHI,K,150.0,17,8.8, 
81,Buffalo Bills,BUF,DST,150.0,17,8.8, 
83,Darrel Williams,KC,RB,149.0,17,8.8, 
84,Dustin Hopkins,Multi,K,147.0,17,8.7, 
85,D'Andre Swift,DET,RB,146.9,13,11.3, 
86,Elijah Mitchell,SF,RB,146.0,12,12.2, 
87,Tee Higgins,CIN,WR,145.1,14,10.4, 
88,New Orleans Saints,NO,DST,145.0,17,8.5, 
89,DJ Moore,CAR,WR,144.5,17,8.5,0.6597
90,Chris Godwin,TB,WR,144.4,14,10.3, 
91,Tyler Bass,BUF,K,143.0,17,8.4, 
92,James Robinson,JAC,RB,142.9,14,10.2,0.5859
93,Brandin Cooks,HOU,WR,141.8,16,8.9, 
94,Jaylen Waddle,MIA,WR,141.8,16,8.9,0.0
95,Tampa Bay Buccaneers,TB,DST,141.0,17,8.3, 
96,Greg Zuerlein,DAL,K,140.0,16,8.8, 
96,Harrison Butker,KC,K,140.0,16,8.8, 
98,Darnell Mooney,CHI,WR,138.7,17,8.2,0.0
99,Indianapolis Colts,IND,DST,138.0,17,8.1, 
99,Ryan Succop,TB,K,138.0,17,8.1, 
101,Amon-Ra St. Brown,DET,WR,137.3,16,8.6, 
102,Justin Fields,CHI,QB,136.9,12,11.4, 
103,Terry McLaurin,WAS,WR,136.5,17,8.0,0.016633333333333333
104,Marquise Brown,BAL,WR,135.3,16,8.5,-0.08562857142857143
105,Amari Cooper,DAL,WR,134.5,15,9.0, 
106,Darrell Henderson Jr.,LAR,RB,134.4,12,11.2,0.5106
107,Mason Crosby,GB,K,134.0,17,7.9, 
108,Adam Thielen,MIN,WR,132.8,13,10.2,0.2616
109,Kansas City Chiefs,KC,DST,131.0,17,7.7, 
110,Dalton Schultz,DAL,TE,130.8,17,7.7,0.0258
111,Christian Kirk,ARI,WR,130.6,17,7.7, 
112,Randy Bullock,TEN,K,130.0,16,8.1, 
113,Brandon McManus,DEN,K,129.0,17,7.6,-0.25043333333333334
114,George Kittle,SF,TE,127.0,14,9.1,0.05208666666666668
115,Arizona Cardinals,ARI,DST,126.0,17,7.4, 
116,Kendrick Bourne,NE,WR,125.5,17,7.4,0.19476
117,Sony Michel,LAR,RB,125.3,17,7.4, 
118,Younghoe Koo,ATL,K,125.0,17,7.4, 
119,Myles Gaskin,MIA,RB,124.6,17,7.3, 
120,Minnesota Vikings,MIN,DST,124.0,17,7.3, 
121,Tony Pollard,DAL,RB,123.6,15,8.2, 
122,Tennessee Titans,TEN,DST,123.0,17,7.2, 
122,Graham Gano,NYG,K,123.0,17,7.2,0.0
124,Taysom Hill,NO,QB,122.8,12,10.2, 
125,DeVonta Smith,PHI,WR,121.6,17,7.2,-0.10942500000000002
126,Los Angeles Rams,LAR,DST,121.0,17,7.1, 
127,Jameis Winston,NO,QB,120.3,7,17.2, 
128,Denver Broncos,DEN,DST,119.0,17,7.0, 
129,Michael Carter,NYJ,RB,118.4,14,8.5,-0.17
130,Van Jefferson,LAR,WR,118.2,17,7.0, 
131,San Francisco 49ers,SF,DST,118.0,17,6.9, 
132,A.J. Brown,TEN,WR,117.9,13,9.1,-0.05217999999999999
133,Green Bay Packers,GB,DST,117.0,17,6.9, 
134,Tyler Boyd,CIN,WR,116.8,16,7.3, 
135,Rob Gronkowski,TB,TE,116.2,12,9.7, 
136,Cairo Santos,CHI,K,116.0,17,6.8, 
137,Rashaad Penny,SEA,RB,115.7,10,11.6, 
138,Dawson Knox,BUF,TE,115.1,15,7.7, 
139,Jason Sanders,MIA,K,115.0,17,6.8, 
140,Brandon Aiyuk,SF,WR,114.3,17,6.7, 
140,Hunter Henry,NE,TE,114.3,16,7.1, 
142,Devonta Freeman,BAL,RB,112.6,16,7.0, 
143,Chuba Hubbard,CAR,RB,112.6,16,7.0, 
144,Robbie Gould,SF,K,112.0,13,8.6, 
145,Pittsburgh Steelers,PIT,DST,111.0,17,6.5, 
145,Philadelphia Eagles,PHI,DST,111.0,17,6.5, 
147,Dallas Goedert,PHI,TE,109.0,15,7.3, 
148,Kyle Pitts,ATL,TE,108.6,17,6.4,0.2023
149,K.J. Osborn,MIN,WR,108.5,17,6.4,0.1591
150,Cincinnati Bengals,CIN,DST,108.0,17,6.4, 
151,Chase Claypool,PIT,WR,107.6,15,7.2, 
151,Saquon Barkley,NYG,RB,107.6,14,7.7,0.8555
153,Marvin Jones Jr.,JAC,WR,107.2,17,6.3, 
154,Zach Ertz,Multi,TE,106.7,17,6.3,-0.1909
155,Marquez Callaway,NO,WR,105.8,17,6.2,0.34390000000000004
156,DeAndre Hopkins,ARI,WR,105.2,10,10.5, 
157,Chicago Bears,CHI,DST,105.0,17,6.2, 
158,Devontae Booker,NYG,RB,104.1,16,6.5, 
159,Jason Myers,SEA,K,104.0,17,6.1, 
159,Cleveland Browns,CLE,DST,104.0,17,6.1, 
161,Tim Patrick,DEN,WR,103.4,16,6.5, 
162,Jakobi Meyers,NE,WR,103.3,16,6.5, 
163,A.J. Green,ARI,WR,102.8,16,6.4, 
163,Cedrick Wilson Jr.,DAL,WR,102.8,14,7.3, 
165,Allen Lazard,GB,WR,102.5,14,7.3,0.19090000000000001
166,Michael Badgley,Multi,K,102.0,13,7.9, 
167,Rhamondre Stevenson,NE,RB,100.9,12,8.4, 
168,Chase Edmonds,ARI,RB,100.3,12,8.4,-0.3159
169,Joey Slye,Multi,K,100.0,12,8.3,0.4939
170,Zane Gonzalez,CAR,K,98.0,12,8.2, 
171,Clyde Edwards-Helaire,KC,RB,97.5,10,9.8,0.06559999999999999
172,Russell Gage,ATL,WR,97.0,13,7.5,-0.293075
173,Elijah Moore,NYJ,WR,95.2,11,8.7,0.1589
174,Seattle Seahawks,SEA,DST,95.0,17,5.6, 
175,Mike Davis,ATL,RB,94.2,17,5.5,0.18484
176,Alexander Mattison,MIN,RB,93.9,16,5.9,0.21963333333333335
177,Jamaal Williams,DET,RB,93.8,13,7.2,-0.25
178,Latavius Murray,BAL,RB,93.6,14,6.7, 
179,Trevor Siemian,NO,QB,93.2,6,15.5, 
180,Andy Dalton,CHI,QB,93.1,8,11.6, 
181,Chase McLaughlin,CLE,K,93.0,16,5.8, 
182,Courtland Sutton,DEN,WR,92.2,17,5.4, 
183,Robert Woods,LAR,WR,92.2,9,10.2, 
184,Washington Commanders,WAS,DST,92.0,17,5.4, 
184,Mike Gesicki,MIA,TE,92.0,17,5.4,0.6729
186,Pat Freiermuth,PIT,TE,91.7,16,5.7,0.0
187,Cam Newton,CAR,QB,91.3,8,11.4, 
188,Miles Sanders,PHI,RB,91.2,12,7.6,0.0
189,Noah Fant,DEN,TE,91.0,16,5.7, 
190,Gabriel Davis,BUF,WR,90.9,15,6.1,-0.148
191,Christian McCaffrey,CAR,RB,90.5,7,12.9,-0.7906
192,Kenneth Gainwell,PHI,RB,90.4,16,5.7,0.20261111111111113
193,Emmanuel Sanders,BUF,WR,89.7,14,6.4, 
194,Carolina Panthers,CAR,DST,89.0,17,5.2, 
195,Kareem Hunt,CLE,RB,88.0,8,11.0, 
196,Houston Texans,HOU,DST,87.0,17,5.1, 
196,Matthew Wright,JAC,K,87.0,14,6.2, 
198,Tyler Huntley,BAL,QB,86.7,7,12.4, 
198,Tyrod Taylor,HOU,QB,86.7,6,14.5, 
200,New York Giants,NYG,DST,86.0,17,5.1, 
200,Tyler Higbee,LAR,TE,86.0,15,5.7, 
202,Boston Scott,PHI,RB,85.6,11,7.8,0.07055714285714286
203,Robbie Anderson,CAR,WR,85.5,17,5.0, 
204,Odell Beckham Jr.,Multi,WR,85.1,14,6.1, 
205,D'Ernest Johnson,CLE,RB,85.1,13,6.6,0.0
206,Baltimore Ravens,BAL,DST,85.0,17,5.0, 
207,D'Onta Foreman,TEN,RB,84.9,9,9.4, 
207,J.D. McKissic,WAS,RB,84.9,11,7.7, 
209,Byron Pringle,KC,WR,84.8,16,5.3, 
210,Jared Cook,LAC,TE,84.4,16,5.3, 
210,Kalif Raymond,DET,WR,84.4,16,5.3, 
212,T.J. Hockenson,DET,TE,84.3,12,7.0, 
213,Brandon Bolden,NE,RB,83.1,16,5.2,0.0
214,Ty Johnson,NYJ,RB,83.0,15,5.5, 
215,Zack Moss,BUF,RB,82.2,13,6.3, 
216,Mecole Hardman,KC,WR,81.9,17,4.8, 
217,Mark Ingram II,Multi,RB,81.6,14,5.8,0.4215
218,Jarvis Landry,CLE,WR,81.0,12,6.8,0.17282
219,Rex Burkhead,HOU,RB,79.3,15,5.3, 
220,C.J. Uzomah,CIN,TE,79.3,16,5.0, 
221,Antonio Brown,TB,WR,79.1,7,11.3, 
222,Darren Waller,LV,TE,78.5,11,7.1, 
223,Los Angeles Chargers,LAC,DST,78.0,17,4.6, 
224,Tyler Conklin,MIN,TE,77.3,17,4.6,0.0526875
225,Cole Beasley,BUF,WR,77.3,16,4.8, 
226,Deonte Harty,NO,WR,77.1,13,5.9, 
227,Jacoby Brissett,MIA,QB,76.4,11,7.0,0.4404
228,Donovan Peoples-Jones,CLE,WR,75.7,14,5.4,0.0
229,Braxton Berrios,NYJ,WR,75.1,16,4.7, 
230,Bryan Edwards,LV,WR,75.1,16,4.7, 
231,Quez Watkins,PHI,WR,73.0,17,4.3, 
232,Nyheim Hines,IND,RB,72.6,17,4.3,0.4168
233,Kenyan Drake,LV,RB,72.5,12,6.0,0.6908
234,David Njoku,CLE,TE,71.6,15,4.8,0.1557
235,Corey Davis,NYJ,WR,71.2,9,7.9, 
236,Gerald Everett,SEA,TE,69.8,15,4.7,0.12753333333333336
237,Nick Westbrook-Ikhine,TEN,WR,69.6,15,4.6, 
238,Ronald Jones II,TB,RB,69.2,15,4.6, 
239,Ka'imi Fairbairn,HOU,K,68.0,13,5.2, 
240,Trey Lance,SF,QB,67.0,6,11.2, 
241,Nelson Agholor,NE,WR,66.4,15,4.4, 
242,Jalen Guyton,LAC,WR,66.2,16,4.1, 
243,Randall Cobb,GB,WR,65.6,11,6.0,-0.03655
244,Atlanta Falcons,ATL,DST,65.0,17,3.8, 
244,Las Vegas Raiders,LV,DST,65.0,17,3.8, 
246,Khalil Herbert,CHI,RB,64.9,16,4.1, 
247,Justin Jackson,LAC,RB,64.2,14,4.6, 
248,Laviska Shenault Jr.,JAC,WR,64.0,16,4.0, 
248,Jacksonville Jaguars,JAC,DST,64.0,17,3.8, 
250,DeVante Parker,MIA,WR,63.5,10,6.4, 
251,DeAndre Carter,WAS,WR,62.5,17,3.7, 
252,Brett Maher,NO,K,62.0,8,7.8, 
253,Freddie Swain,SEA,WR,61.5,17,3.6, 
254,Cole Kmet,CHI,TE,61.2,17,3.6, 
255,Marquez Valdes-Scantling,GB,WR,61.0,11,5.6,0.31845
256,Henry Ruggs III,LV,WR,60.5,7,8.6, 
257,Jordan Howard,PHI,RB,60.5,7,8.6, 
258,Joshua Palmer,LAC,WR,59.9,15,4.0, 
259,Alex Collins,SEA,RB,59.8,11,5.4, 
260,Riley Patterson,DET,K,59.0,7,8.4, 
261,Zay Jones,LV,WR,58.9,15,3.9, 
262,Olamide Zaccheaus,ATL,WR,58.8,15,3.9, 
263,Jamison Crowder,NYJ,WR,58.7,12,4.9, 
264,Jauan Jennings,SF,WR,58.2,13,4.5, 
265,Detroit Lions,DET,DST,58.0,17,3.4, 
265,New York Jets,NYJ,DST,58.0,17,3.4, 
267,Rashod Bateman,BAL,WR,57.5,12,4.8,0.0129
268,Evan Engram,NYG,TE,56.5,15,3.8, 
269,Michael Gallup,DAL,WR,56.5,9,6.3, 
270,Zach Pascal,IND,WR,56.5,16,3.5,-0.03423333333333333
271,Samaje Perine,CIN,RB,56.2,15,3.8, 
272,DeSean Jackson,Multi,WR,55.8,14,4.0, 
273,Tre'Quan Smith,NO,WR,55.7,10,5.6, 
274,Mo Alie-Cox,IND,TE,55.6,17,3.3, 
275,Geno Smith,SEA,QB,55.3,4,13.8,0.20201874999999997
275,Foster Moreau,LV,TE,55.3,15,3.7, 
277,Rondale Moore,ARI,WR,55.1,14,3.9, 
278,Duke Johnson Jr.,MIA,RB,55.1,5,11.0, 
279,Matt Ammendola,NYJ,K,55.0,11,5.0, 
280,Austin Hooper,CLE,TE,54.5,15,3.6,0.26913333333333334
281,Dontrell Hilliard,TEN,RB,53.7,8,6.7,0.0
282,Drew Lock,DEN,QB,52.8,6,8.8, 
283,Kenny Golladay,NYG,WR,52.1,14,3.7, 
284,Mike White,NYJ,QB,52.0,4,13.0,0.3289173913043478
285,Jamal Agnew,JAC,WR,52.0,12,4.3,-0.08134444444444443
286,Josh Reynolds,Multi,WR,51.6,11,4.7, 
287,Ameer Abdullah,Multi,RB,51.5,17,3.0, 
288,T.Y. Hilton,IND,WR,51.1,10,5.1, 
289,Keelan Cole Sr.,NYJ,WR,50.9,14,3.6, 
290,Nico Collins,HOU,WR,50.6,14,3.6, 
291,Jack Doyle,IND,TE,50.2,15,3.4, 
292,Julio Jones,TEN,WR,49.4,10,4.9, 
293,Laquon Treadwell,JAC,WR,49.4,12,4.1,0.38327500000000003
294,David Johnson,HOU,RB,49.3,13,3.8, 
295,Allen Robinson II,CHI,WR,49.0,12,4.1,0.2780454545454545
296,Cameron Brate,TB,TE,48.5,16,3.0, 
297,Josh Johnson,Multi,QB,48.4,4,12.1, 
298,Derrick Gore,KC,RB,48.1,8,6.0, 
299,Jerry Jeudy,DEN,WR,47.0,10,4.7, 
300,Mack Hollins,MIA,WR,46.3,16,2.9, 
301,Jaret Patterson,WAS,RB,45.9,14,3.3,0.0386
302,Travis Homer,SEA,RB,45.8,14,3.3,0.2516
303,Jeremy McNichols,TEN,RB,45.6,13,3.5,0.0
304,Jalen Reagor,PHI,WR,45.1,17,2.7,0.40605
305,Rodrigo Blankenship,IND,K,45.0,5,9.0, 
306,Danny Amendola,HOU,WR,44.8,8,5.6, 
307,Damien Williams,CHI,RB,44.7,12,3.7, 
308,Jeff Wilson Jr.,SF,RB,44.5,9,4.9, 
309,Demarcus Robinson,KC,WR,44.4,15,3.0, 
310,Devin Duvernay,BAL,WR,44.2,16,2.8, 
311,Kyle Juszczyk,SF,RB,43.8,15,2.9, 
312,Sammy Watkins,BAL,WR,43.4,11,4.0,0.515
312,Kadarius Toney,NYG,WR,43.4,9,4.8,0.085
314,Albert Okwuegbunam,DEN,TE,43.0,14,3.1, 
315,Darius Slayton,NYG,WR,42.6,13,3.3,-0.17553636363636363
315,Chris Conley,HOU,WR,42.6,14,3.0, 
317,Colt McCoy,ARI,QB,42.3,8,5.3,-0.2192333333333333
318,Chris Carson,SEA,RB,42.1,4,10.5, 
319,Brian Johnson,Multi,K,42.0,8,5.3, 
319,Austin Seibert,DET,K,42.0,6,7.0, 
321,James Washington,PIT,WR,41.8,15,2.8, 
322,Sterling Shepard,NYG,WR,41.7,7,6.0, 
323,Phillip Lindsay,Multi,RB,41.4,14,3.0,-0.3103
324,Harrison Bryant,CLE,TE,41.3,15,2.8, 
325,Mike Glennon,NYG,QB,40.9,6,6.8, 
326,Dan Arnold,Multi,TE,40.8,11,3.7, 
327,Tevin Coleman,NYJ,RB,40.5,11,3.7, 
328,Calvin Ridley,ATL,WR,40.1,5,8.0,0.0
329,Peyton Barber,LV,RB,39.9,10,4.0, 
330,Juwan Johnson,NO,TE,39.9,13,3.1, 
331,Jonnu Smith,NE,TE,39.4,16,2.5,-0.5698
332,Anthony Firkser,TEN,TE,39.1,15,2.6,0.0
332,Ricky Seals-Jones,WAS,TE,39.1,11,3.6, 
332,DeeJay Dallas,SEA,RB,39.1,17,2.3,0.34781249999999997
335,Geoff Swaim,TEN,TE,39.0,16,2.4, 
336,Donald Parham Jr.,LAC,TE,39.0,14,2.8, 
337,Damiere Byrd,CHI,WR,38.9,11,3.5,0.3612
338,Antoine Wesley,ARI,WR,38.8,8,4.9,-0.13775
339,Adam Humphries,WAS,WR,38.3,17,2.3, 
340,Hayden Hurst,ATL,TE,38.1,12,3.2, 
340,Ryan Griffin,NYJ,TE,38.1,14,2.7, 
342,Eddy Pineiro,NYJ,K,38.0,5,7.6, 
343,Marquise Goodwin,CHI,WR,37.2,14,2.7,0.0843
344,Dare Ogunbowale,JAC,RB,37.1,13,2.9,0.2997
345,Lil'Jordan Humphrey,NO,WR,36.9,8,4.6,-0.1027
346,Jimmy Graham,CHI,TE,36.7,11,3.3, 
347,Josiah Deguara,GB,TE,36.5,14,2.6,0.0
348,Adam Trautman,NO,TE,36.3,11,3.3, 
349,Giovani Bernard,TB,RB,36.1,10,3.6, 
350,Durham Smythe,MIA,TE,36.0,16,2.3, 
350,Tyler Johnson,TB,WR,36.0,16,2.3, 
352,Brevin Jordan,HOU,TE,35.8,8,4.5, 
353,Matt Breida,BUF,RB,35.7,7,5.1, 
354,Logan Thomas,WAS,TE,35.6,5,7.1, 
355,Chester Rogers,TEN,WR,35.0,16,2.2, 
356,Chris Evans,CIN,RB,34.8,9,3.9, 
357,Chris Moore,HOU,WR,34.7,10,3.5, 
358,Gardner Minshew II,PHI,QB,34.6,3,11.5, 
358,Cyril Grayson Jr.,TB,WR,34.6,3,11.5, 
360,MyCole Pruitt,TEN,TE,34.5,13,2.7, 
361,Quintez Cephus,DET,WR,34.4,5,6.9, 
362,Cam Sims,WAS,WR,33.8,12,2.8,-0.18256666666666665
363,Carlos Hyde,JAC,RB,33.8,12,2.8, 
364,Kyle Rudolph,NYG,TE,33.7,15,2.3, 
365,Rashard Higgins,CLE,WR,33.5,12,2.8,-0.09862499999999999
366,Le'Veon Bell,Multi,RB,33.1,8,4.1, 
366,Tommy Tremble,CAR,TE,33.1,15,2.2, 
368,Malik Turner,DAL,WR,32.9,7,4.7, 
368,Ty'Son Williams,BAL,RB,32.9,8,4.1, 
370,Ke'Shawn Vaughn,TB,RB,32.6,6,5.4, 
371,Demetric Felton Jr.,CLE,RB,32.5,15,2.2, 
371,Ashton Dulin,IND,WR,32.5,16,2.0, 
371,Isaiah McKenzie,BUF,WR,32.5,15,2.2,0.3487
374,Robert Tonyan,GB,TE,32.4,8,4.1, 
375,Brandon Zylstra,CAR,WR,31.0,12,2.6, 
376,John Bates,WAS,TE,30.9,13,2.4, 
377,Tim Boyle,DET,QB,30.4,4,7.6,0.09131052631578945
378,John Ross,NYG,WR,30.0,9,3.3, 
379,Case Keenum,CLE,QB,29.6,5,5.9, 
380,Will Dissly,SEA,TE,29.1,13,2.2, 
381,Tristan Vizcaino,LAC,K,29.0,6,4.8, 
382,Jakeem Grant Sr.,Multi,WR,28.5,15,1.9, 
383,Craig Reynolds,DET,RB,28.2,5,5.6, 
384,Isaiah Ford,MIA,WR,28.1,9,3.1, 
385,Greg Ward,PHI,WR,27.6,10,2.8, 
386,Tavon Austin,JAC,WR,27.4,12,2.3, 
387,DJ Chark Jr.,JAC,WR,27.4,3,9.1,-0.1909
388,Ray-Ray McCloud,PIT,WR,27.2,16,1.7, 
389,Elijhaa Penny,NYG,RB,26.9,13,2.1, 
390,Salvon Ahmed,MIA,RB,26.6,11,2.4,0.0
391,JaMycal Hasty,SF,RB,26.5,11,2.4, 
392,James O'Shaughnessy,JAC,TE,26.4,7,3.8, 
393,Trey Sermon,SF,RB,25.3,6,4.2, 
394,Maxx Williams,ARI,TE,25.3,5,5.1,-0.4417
395,Cooper Rush,DAL,QB,25.1,4,6.3, 
396,Royce Freeman,Multi,RB,24.6,12,2.1, 
397,Jordan Love,GB,QB,24.2,6,4.0, 
398,Joe Flacco,NYJ,QB,23.8,2,11.9, 
399,Brock Wright,DET,TE,23.7,8,3.0, 
400,Ihmir Smith-Marsette,MIN,WR,23.6,6,3.9, 
401,Kendall Hinton,DEN,WR,23.5,11,2.1, 
402,Anthony Schwartz,CLE,WR,23.4,13,1.8,0.15033389830508476
403,Tyler Kroft,NYJ,TE,23.3,9,2.6, 
404,Albert Wilson,MIA,WR,23.0,10,2.3, 
404,Tajae Sharpe,ATL,WR,23.0,14,1.6, 
406,Jerick McKinnon,KC,RB,22.9,9,2.5, 
407,Corey Clement,DAL,RB,22.9,11,2.1, 
408,Adrian Peterson,Multi,RB,22.6,4,5.7, 
409,Stephen Anderson,LAC,TE,22.5,14,1.6,0.06105714285714286
410,Breshad Perriman,TB,WR,22.4,5,4.5, 
411,Parris Campbell,IND,WR,22.2,6,3.7,0.61616
412,Aldrick Rosas,Multi,K,22.0,5,4.4, 
412,Eno Benjamin,ARI,RB,22.0,8,2.8,0.8807
414,Jermar Jefferson,DET,RB,21.7,5,4.3, 
415,Blake Jarwin,DAL,TE,21.6,8,2.7, 
416,Marcedes Lewis,GB,TE,21.4,13,1.7,0.5032666666666666
417,Eric Ebron,PIT,TE,20.5,8,2.6, 
418,James Proche II,BAL,WR,20.2,7,2.9, 
419,Lirim Hajrullahu,Multi,K,20.0,4,5.0, 
420,JuJu Smith-Schuster,PIT,WR,19.8,5,4.0,0.0
421,O.J. Howard,TB,TE,19.5,11,1.8, 
421,Malcolm Brown,MIA,RB,19.5,6,3.3, 
423,Mason Rudolph,PIT,QB,19.4,2,9.7, 
424,Nick Vannett,NO,TE,19.3,7,2.8, 
425,James White,NE,RB,19.2,3,6.4, 
426,Kene Nwangwu,MIN,RB,19.0,9,2.1, 
427,Ian Thomas,CAR,TE,18.8,14,1.3, 
428,Noah Brown,DAL,WR,18.4,10,1.8, 
429,Dee Eskridge,SEA,WR,18.3,8,2.3, 
430,Ryan Santoso,Multi,K,18.0,4,4.5, 
431,Jordan Akins,HOU,TE,17.7,12,1.5, 
431,KhaDarel Hodge,DET,WR,17.7,12,1.5, 
431,Mohamed Sanu Sr.,SF,WR,17.7,8,2.2, 
434,Tony Jones Jr.,NO,RB,17.1,10,1.7, 
435,Elliott Fry,Multi,K,17.0,3,5.7, 
435,Austin Walter,NYJ,RB,17.0,4,4.3, 
437,P.J. Walker,CAR,QB,16.8,5,3.4, 
437,Nick Foles,CHI,QB,16.8,1,16.8, 
439,Jonathan Williams,WAS,RB,16.7,5,3.3, 
439,Jody Fortson,KC,WR,16.7,4,4.2,0.16454285714285716
439,Zach Gentry,PIT,TE,16.7,10,1.7, 
442,N'Keal Harry,NE,WR,16.4,10,1.6, 
443,Kristian Wilkerson,NE,WR,16.2,1,16.2, 
444,Dyami Brown,WAS,WR,16.1,10,1.6, 
445,C.J. Ham,MIN,RB,15.9,15,1.1,-0.21619999999999998
446,Marcus Johnson,TEN,WR,15.8,7,2.3, 
447,Terrace Marshall Jr.,CAR,WR,15.8,12,1.3, 
448,Qadree Ollison,ATL,RB,15.7,6,2.6,-0.13396666666666665
449,Dante Pettis,NYG,WR,15.3,3,5.1, 
450,Patrick Taylor Jr.,GB,RB,15.2,5,3.0, 
451,Pharaoh Brown,HOU,TE,15.1,13,1.2,-0.004899999999999978
452,Marcus Mariota,LV,QB,14.9,7,2.1, 
453,Trent Sherfield,SF,WR,14.7,12,1.2, 
454,Alec Ingold,LV,RB,14.6,7,2.1,0.0
455,Larry Rountree III,LAC,RB,14.6,10,1.5, 
456,J.J. Taylor,NE,RB,14.5,5,2.9, 
457,Jesper Horsted,CHI,TE,14.1,4,3.5, 
458,Scotty Miller,TB,WR,14.1,6,2.4, 
459,Godwin Igwebuike,DET,RB,14.0,9,1.6, 
460,Jake Fromm,NYG,QB,13.9,3,4.6, 
460,Ty Montgomery,NO,RB,13.9,14,1.0,0.6597
462,Brandon Allen,CIN,QB,13.8,5,2.8, 
463,Ben Skowronek,LAR,WR,13.3,12,1.1, 
464,Denzel Mims,NYJ,WR,13.3,10,1.3, 
465,Chris Manhertz,JAC,TE,13.1,10,1.3,0.0
466,Sean Mannion,MIN,QB,13.0,1,13.0, 
466,Dominik Eberle,HOU,K,13.0,1,13.0, 
468,Kenny Stills,NO,WR,12.9,7,1.8, 
469,Patrick Ricard,BAL,RB,12.7,8,1.6,0.11469999999999998
470,Lee Smith,ATL,TE,12.5,10,1.3, 
470,Wayne Gallman Jr.,Multi,RB,12.5,9,1.4, 
472,Tom Kennedy,DET,WR,12.4,7,1.8, 
473,Brian Hoyer,NE,QB,12.3,5,2.5, 
474,Jesse James,CHI,TE,12.2,5,2.4, 
475,Joshua Kelley,LAC,RB,12.0,8,1.5, 
476,Michael Burton,KC,RB,11.7,10,1.2, 
477,Jacob Hollister,JAC,TE,11.5,7,1.6, 
478,Jalen Richard,LV,RB,11.2,9,1.2, 
478,Equanimeous St. Brown,GB,WR,11.2,12,0.9, 
478,Jeff Smith,NYJ,WR,11.2,9,1.2, 
481,Ross Dwelley,SF,TE,11.1,4,2.8,0.17441538461538458
482,Benny Snell Jr.,PIT,RB,11.1,16,0.7,0.21075
483,Adam Shaheen,MIA,TE,11.0,9,1.2, 
483,Chris Blewitt,WAS,K,11.0,2,5.5, 
483,Phillip Dorsett II,Multi,WR,11.0,5,2.2, 
486,Marlon Mack,IND,RB,10.9,6,1.8,0.0
486,Dez Fitzpatrick,TEN,WR,10.9,3,3.6,-0.1154
488,Eric Saubert,DEN,TE,10.7,10,1.1, 
489,Antony Auclair,HOU,TE,10.7,4,2.7, 
490,Kylen Granson,IND,TE,10.6,10,1.1,0.15300000000000002
491,Collin Johnson,NYG,WR,10.5,8,1.3, 
492,Tommy Sweeney,BUF,TE,10.4,7,1.5,-0.20854999999999996
493,Trinity Benson,DET,WR,10.3,7,1.5, 
494,Chris Hogan,NO,WR,10.1,5,2.0, 
494,Shi Smith,CAR,WR,10.1,5,2.0, 
496,Chris Herndon IV,MIN,TE,10.0,6,1.7, 
497,Auden Tate,CIN,WR,9.9,4,2.5, 
497,Nick Mullens,CLE,QB,9.9,1,9.9, 
499,Blake Bell,KC,TE,9.7,12,0.8, 
500,Noah Gray,KC,TE,9.6,7,1.4, 
500,Ryquell Armstead,JAC,RB,9.6,2,4.8, 
502,Josh Gordon,KC,WR,9.2,9,1.0,0.09385
503,Mitchell Trubisky,BUF,QB,9.1,5,1.8, 
504,Deon Jackson,IND,RB,9.1,5,1.8, 
505,Cameron Batson,TEN,WR,9.0,4,2.3, 
506,Andy Janovich,CLE,RB,8.9,6,1.5, 
506,JaQuan Hardy,DAL,RB,8.9,2,4.5,0.0
508,Sean McKeon,DAL,TE,8.7,5,1.7, 
508,Keith Smith,ATL,RB,8.7,13,0.7, 
510,Anthony Miller,Multi,WR,8.5,3,2.8,0.0
511,Tyree Jackson,PHI,TE,8.2,3,2.7, 
511,Alex Armah Jr.,Multi,RB,8.2,10,0.8, 
513,Drew Sample,CIN,TE,8.1,10,0.8,0.4019
513,Dezmon Patmon,IND,WR,8.1,4,2.0, 
515,Kyle Allen,WAS,QB,7.9,2,4.0, 
516,Preston Williams,MIA,WR,7.8,6,1.3, 
517,Garrett Gilbert,WAS,QB,7.8,1,7.8, 
518,Chris Myarick,NYG,TE,7.7,5,1.5, 
519,Andre Roberts,Multi,WR,7.4,16,0.5, 
520,KJ Hamler,DEN,WR,7.4,3,2.5,0.0
521,Johnny Stanton,CLE,RB,7.2,3,2.4,0.15807391304347826
522,Dede Westbrook,MIN,WR,6.8,15,0.5, 
523,Jonathan Ward,ARI,RB,6.7,9,0.7, 
524,Josh Oliver,BAL,TE,6.6,11,0.6, 
525,Ito Smith,DAL,RB,6.4,1,6.4, 
525,Dax Milne,WAS,WR,6.4,9,0.7, 
527,Ja'Marcus Bradley,CLE,WR,6.4,4,1.6, 
528,Brandon Powell,LAR,WR,6.0,6,1.0,-0.09866666666666667
529,Penny Hart,SEA,WR,5.9,12,0.5,0.4588
530,Mike Boone,DEN,RB,5.7,3,1.9, 
530,C.J. Board,NYG,WR,5.7,6,1.0, 
532,Amari Rodgers,GB,WR,5.6,16,0.4,0.0
532,Jason Moore Jr.,LAC,WR,5.6,1,5.6, 
532,Luke Farrell,JAC,TE,5.6,9,0.6, 
535,Alex Erickson,CAR,WR,5.5,17,0.3, 
535,Trayveon Williams,CIN,RB,5.5,4,1.4, 
537,Jaelon Darden,TB,WR,5.4,9,0.6, 
538,Mike Thomas,CIN,WR,5.2,7,0.7,0.0
539,Charlie Woerner,SF,TE,5.2,8,0.7, 
540,Jason Huntley,PHI,RB,5.1,1,5.1, 
541,Josh Lambo,JAC,K,5.0,3,1.7, 
542,Rodney Smith,CAR,RB,4.8,1,4.8, 
543,Wendell Smallwood,WAS,RB,4.7,2,2.4, 
544,William Fuller V,MIA,WR,4.6,2,2.3, 
545,Tre' McKitty,LAC,TE,4.5,6,0.8,0.3182
546,Kalen Ballage,PIT,RB,4.4,9,0.5, 
547,Jakob Johnson,NE,RB,4.3,7,0.6, 
548,Parker Hesse,ATL,TE,4.3,4,1.1, 
548,Darren Fells,Multi,TE,4.3,3,1.4, 
550,Trent Taylor,CIN,WR,4.1,4,1.0,0.15203846153846154
551,Ian Book,NO,QB,4.0,1,4.0, 
551,Gunner Olszewski,NE,WR,4.0,16,0.3, 
551,Chris Naggar,CLE,K,4.0,1,4.0, 
554,Greg Dortch,ARI,WR,3.9,5,0.8,0.18821666666666667
554,Garrett Griffin,NO,TE,3.9,5,0.8, 
556,Juwann Winfree,GB,WR,3.8,5,0.8,0.028649999999999988
557,Willie Snead IV,Multi,WR,3.8,7,0.5, 
557,Curtis Samuel,WAS,WR,3.8,5,0.8, 
557,Kevin White,NO,WR,3.8,4,1.0, 
560,Kendall Blanton,LAR,TE,3.7,4,0.9, 
561,D.J. Montgomery,NYJ,WR,3.6,2,1.8,0.26335
561,Kenny Yeboah,NYJ,TE,3.6,3,1.2,0.0772
561,Pharoh Cooper,NYG,WR,3.6,8,0.5, 
564,J.J. Arcega-Whiteside,PHI,WR,3.6,7,0.5, 
565,Tyler Davis,GB,TE,3.5,8,0.4, 
565,Trevon Wesco,NYJ,TE,3.5,8,0.4, 
567,Shane Zylstra,DET,TE,3.4,3,1.1, 
567,Dominique Dafney,GB,TE,3.4,6,0.6, 
569,Trenton Irwin,CIN,WR,3.4,5,0.7, 
569,Seth Williams,DEN,WR,3.4,1,3.4, 
571,Cody Hollister,TEN,WR,3.3,3,1.1, 
572,Kaden Smith,NYG,TE,3.3,4,0.8, 
572,Chad Henne,KC,QB,3.3,4,0.8, 
572,Cody White,PIT,WR,3.3,6,0.6,0.0
572,Colby Parkinson,SEA,TE,3.3,6,0.6, 
576,Jeremy Sprinkle,DAL,TE,3.1,6,0.5, 
577,Tommy Hudson,TEN,TE,3.1,4,0.8, 
577,La'Mical Perine,NYJ,RB,3.1,2,1.6,-0.3182
579,KJ Hill Jr.,LAC,WR,3.0,6,0.5, 
579,Cody Parkey,NO,K,3.0,1,3.0, 
581,Kylin Hill,GB,RB,2.9,8,0.4,-0.20095
582,Daniel Brown,NYJ,TE,2.9,3,1.0, 
583,Dwayne Washington,NO,RB,2.8,8,0.4, 
584,Jake Kumerow,BUF,WR,2.8,7,0.4, 
585,Mike Strachan,IND,WR,2.6,2,1.3,0.0
585,Reggie Gilliam,BUF,RB,2.6,8,0.3,-0.10606666666666666
587,Gabe Nabers,LAC,RB,2.5,7,0.4, 
587,Christian Blake,ATL,WR,2.5,10,0.3, 
589,Marcus Kemp,KC,WR,2.4,12,0.2, 
590,Jaylen Samuels,HOU,RB,2.3,3,0.8,0.0
591,Tylan Wallace,BAL,WR,2.3,10,0.2,0.08808
591,Dazz Newsome,CHI,WR,2.3,3,0.8,-0.2787
593,Jack Stoll,PHI,TE,2.2,6,0.4, 
593,Scottie Phillips,HOU,RB,2.2,3,0.7, 
595,Patrick Laird,MIA,RB,2.1,3,0.7, 
596,Adam Prentice,NO,RB,2.1,5,0.4, 
597,Nick Bawden,NYJ,RB,2.0,1,2.0, 
597,Raheem Mostert,SF,RB,2.0,1,2.0,-0.17606
597,Chris Streveler,ARI,QB,2.0,2,1.0, 
600,Blaine Gabbert,TB,QB,1.9,6,0.3, 
601,Darrynton Evans,TEN,RB,1.8,2,0.9,0.10052285714285714
602,David Sills V,NYG,WR,1.7,4,0.4, 
602,Davion Davis,HOU,WR,1.7,2,0.9,0.3753666666666667
602,Keith Kirkwood,CAR,WR,1.7,3,0.6, 
605,Reggie Bonnafon,CAR,RB,1.6,1,1.6, 
605,Cethan Carter,MIA,TE,1.6,8,0.2, 
605,Mitchell Wilcox,CIN,TE,1.6,4,0.4, 
605,Derek Watt,PIT,RB,1.6,11,0.2,0.0
605,Tyron Johnson,Multi,WR,1.6,7,0.2, 
610,C.J. Beathard,JAC,QB,1.5,2,0.8, 
610,Trey Ragas,LV,RB,1.5,1,1.5, 
612,Stanley Morgan Jr.,CIN,WR,1.4,11,0.1, 
612,Anthony McFarland Jr.,PIT,RB,1.4,3,0.5, 
614,Frank Darby,ATL,WR,1.4,4,0.4, 
614,Tyrell Williams,DET,WR,1.4,1,1.4, 
616,Andy Isabella,ARI,WR,1.3,3,0.4, 
616,Kirk Merritt,MIA,WR,1.3,1,1.3, 
616,Derek Carrier,LV,TE,1.3,2,0.7, 
616,Cam Akers,LAR,RB,1.3,2,0.7, 
616,John Kelly,CLE,RB,1.3,1,1.3,0.08158245614035088
621,Luke Stocker,MIN,TE,1.2,6,0.2, 
621,Jacques Patrick,SF,RB,1.2,1,1.2, 
623,Buddy Howell,LAR,RB,1.1,5,0.2, 
623,C.J. Saunders,CAR,WR,1.1,1,1.1, 
623,Richard Rodgers,PHI,TE,1.1,1,1.1, 
623,Mekhi Sargent,Multi,RB,1.1,5,0.2, 
627,Demetrius Harris,ARI,TE,1.0,10,0.1, 
627,Marvin Hall,ATL,WR,1.0,1,1.0, 
627,Jaydon Mickens,Multi,WR,1.0,12,0.1, 
627,Gary Brightwell,NYG,RB,1.0,7,0.1, 
627,Tarik Black,NYJ,WR,1.0,1,1.0, 
632,Sam Ehlinger,IND,QB,0.9,3,0.3, 
632,Johnny Mundt,LAR,TE,0.9,3,0.3, 
632,Brycen Hopkins,LAR,TE,0.9,1,0.9, 
635,Ethan Wolf,NO,TE,0.8,1,0.8, 
635,Ryan Nall,CHI,RB,0.8,5,0.2, 
635,Hunter Long,MIA,TE,0.8,3,0.3, 
638,Kevin Rader,PIT,TE,0.8,3,0.3, 
639,Damarea Crockett,DEN,RB,0.7,1,0.7, 
639,Ryan Fitzpatrick,WAS,QB,0.7,1,0.7, 
639,Tommylee Lewis,MIA,WR,0.7,2,0.4, 
639,Eric Tomlinson,BAL,TE,0.7,7,0.1, 
643,David Blough,DET,QB,0.6,1,0.6, 
643,Miles Boykin,BAL,WR,0.6,2,0.3, 
645,Easop Winston Jr.,NO,WR,0.5,3,0.2, 
645,Keke Coutee,IND,WR,0.5,1,0.5, 
645,Jake Funk,LAR,RB,0.5,5,0.1, 
648,Devine Ozigbo,Multi,RB,0.4,2,0.2,0.0
649,Nathan Cottrell,JAC,RB,0.3,3,0.1,0.4404
649,Maurice Ffrench,LAC,WR,0.3,2,0.2, 
651,Kellen Mond,MIN,QB,0.2,2,0.1,0.0
651,Nick Boyle,BAL,TE,0.2,2,0.1, 
651,Nathan Peterman,LV,QB,0.2,1,0.2, 
654,Miller Forristall,CLE,TE,0.0,1,0.0, 
654,Devin Smith,JAC,WR,0.0,1,0.0, 
654,Nsimba Webster,CHI,WR,0.0,6,0.0, 
654,Andrew Beck,DEN,TE,0.0,1,0.0,0.1972142857142857
654,Gerrid Doaks,MIA,RB,0.0,4,0.0, 
654,Darrell Daniels,ARI,TE,0.0,10,0.0, 
654,Jake Hausmann,FA,TE,0.0,1,0.0, 
654,Brian Hill,SF,RB,0.0,1,0.0, 
654,Justin Hardee,NYJ,WR,0.0,11,0.0, 
654,Rodney Adams,CHI,WR,0.0,1,0.0, 
654,Vyncint Smith,NYJ,WR,0.0,1,0.0, 
654,River Cracraft,SF,WR,0.0,3,0.0, 
654,Jacob Eason,IND,QB,0.0,1,0.0,0.5994
654,Darwin Thompson,SEA,RB,0.0,2,0.0, 
654,Cody Thompson,SEA,WR,0.0,2,0.0,0.3944599999999999
654,Jalen Camp,HOU,WR,0.0,1,0.0, 
654,Noah Togiai,PHI,TE,0.0,1,0.0, 
654,Ty Long,LAC,K,0.0,15,0.0, 
654,Josh Johnson,SEA,RB,0.0,1,0.0, 
654,Cameron Nizialek,ATL,K,0.0,4,0.0, 
654,Ryan Switzer,FA,WR,0.0,1,0.0, 
654,Spencer Brown,CAR,RB,0.0,1,0.0, 
654,Trace McSorley,ARI,QB,0.0,1,0.0, 
654,Brett Rypien,DEN,QB,0.0,1,0.0, 
654,Kawaan Baker,NO,WR,0.0,1,0.0, 
654,Osirus Mitchell,FA,WR,0.0,1,0.0, 
654,Jared Pinkney,DET,TE,0.0,1,0.0, 
654,Stephen Sullivan,CAR,TE,0.0,1,0.0,0.17902795698924726
654,Farrod Green,FA,TE,0.0,1,0.0, 
654,Kenjon Barner,TB,RB,0.0,3,0.0, 
654,Giovanni Ricci,CAR,TE,0.0,9,0.0, 
654,Tarik Cohen,FA,RB,0.0,1,0.0, 
654,Sewo Olonilua,FA,RB,0.0,1,0.0, 
654,Jordan Veasy,HOU,WR,0.0,2,0.0, 
654,Landen Akers,LAR,WR,0.0,1,0.0, 
654,Quinton Bell,ATL,WR,0.0,1,0.0, 
654,Taiwan Jones,BUF,RB,0.0,7,0.0, 
654,Pooka Williams Jr.,CIN,RB,0.0,1,0.0,0.3182
654,Sammis Reyes,WAS,TE,0.0,3,0.0, 
654,Allen Hurns,FA,WR,0.0,4,0.0, 
654,Codey McElroy,TB,TE,0.0,2,0.0, 
654,Rashod Berry,DET,TE,0.0,4,0.0, 
654,Dan Chisena,MIN,WR,0.0,2,0.0, 
654,Brandon Smith,DAL,WR,0.0,1,0.0, 
654,JoJo Natson,CLE,WR,0.0,3,0.0, 
654,Briley Moore,TEN,TE,0.0,2,0.0,0.0
654,Tyrie Cleveland,DEN,WR,0.0,4,0.0,0.1344857142857143
654,David Moore,Multi,WR,0.0,2,0.0,-0.11445000000000001
654,JJ Molson,FA,K,0.0,1,0.0, 
654,Artavis Pierce,CHI,RB,0.0,1,0.0, 
654,Damion Ratley,FA,WR,0.0,1,0.0, 
654,Elijah McGuire,FA,RB,0.0,3,0.0, 
654,Dillon Stoner,LV,WR,0.0,2,0.0, 
654,John Hightower,PHI,WR,0.0,1,0.0, 
654,Trey Edmunds,PIT,RB,0.0,1,0.0, 
654,LeVante Bellamy,FA,RB,0.0,1,0.0, 
654,Jacob Harris,LAR,TE,0.0,1,0.0, 
654,Deon Yelder,TB,TE,0.0,2,0.0, 
654,Mason Kinsey,TEN,WR,0.0,1,0.0,0.6369
654,Antonio Gandy-Golden,WAS,WR,0.0,1,0.0, 
654,John Brown,Multi,WR,0.0,3,0.0, 
654,Josh Hammond,JAC,WR,0.0,1,0.0, 
654,Geronimo Allison,DET,WR,0.0,1,0.0, 
654,Colin Thompson,CAR,TE,0.0,3,0.0,0.10523
654,J.P. Holtz,CHI,TE,0.0,5,0.0, 
654,J.K. Dobbins,BAL,RB,0.0,1,0.0, 
654,B.J. Emmons,FA,RB,0.0,1,0.0, 
654,Ben Ellefson,MIN,TE,0.0,3,0.0, 
654,Sandro Platzgummer,NYG,RB,0.0,3,0.0, 
654,Alex Kessman,NYJ,K,0.0,1,0.0, 
654,Michael Bandy,LAC,WR,0.0,2,0.0, 
654,Marquez Stevenson,BUF,WR,0.0,5,0.0, 
654,Matt Cole,CAR,WR,0.0,1,0.0, 
654,Isaiah Coulter,CHI,WR,0.0,1,0.0, 
654,Nick Ralston,DAL,RB,0.0,1,0.0,0.0
654,Tutu Atwell,LAR,WR,0.0,6,0.0, 
654,Brandin Bryant,BUF,RB,0.0,3,0.0, 
654,Darius Bradwell,LAC,RB,0.0,2,0.0, 
654,Matthew Slater,NE,WR,0.0,10,0.0, 
654,Tory Carter,TEN,RB,0.0,5,0.0, 
654,Clark Harris,CIN,TE,0.0,1,0.0, 
654,Cullen Gillaspia,NYG,RB,0.0,4,0.0, 
654,Daurice Fountain,KC,WR,0.0,1,0.0,-0.22283333333333333
654,Jordan Wilkins,Multi,RB,0.0,2,0.0, 
738,Daniel Helm,LV,TE,-0.1,3,-0.0, 
738,Nate McCrary,BAL,RB,-0.1,1,-0.1,0.7184
738,Kurt Benkert,GB,QB,-0.1,1,-0.1,0.1825
741,Chase Daniel,LAC,QB,-0.2,1,-0.2,0.5994
742,Alex Bachman,NYG,WR,-0.3,2,-0.2,0.017759999999999998
742,Davis Webb,BUF,QB,-0.3,1,-0.3, 
744,Feleipe Franks,ATL,QB,-0.4,6,-0.1, 
745,Malik Taylor,GB,WR,-0.6,7,-0.1, 
745,Logan Woodside,TEN,QB,-0.6,4,-0.2, 
747,John Wolford,LAR,QB,-0.9,2,-0.5, 
748,Khari Blasingame,TEN,RB,-1.0,5,-0.2, 
749,Josh Rosen,ATL,QB,-1.2,3,-0.4, 
749,Racey McMath,TEN,WR,-1.2,6,-0.2, 
751,Trenton Cannon,Multi,RB,-1.6,10,-0.2, 
752,J.J. Koski,LAR,WR,-2.0,3,-0.7, 
752,Travis Benjamin,SF,WR,-2.0,5,-0.4, 
754,Diontae Spencer,DEN,WR,-4.3,15,-0.3, 
